repo,tau_0.01,tau_0.02,tau_0.03,tau_0.05,tau_0.075,tau_0.1,tau_0.125,tau_0.15,tau_0.2,tau_0.25,tau_0.3,tau_0.375,tau_0.45,tau_0.55,tau_0.65,tau_0.75,tau_0.85,tau_1
changeweb/Unifiedtransform,103,118,346,797,988,1108,1134,1159,1233,1284,1333,1368,1422,1536,1709,1776,1848,1930
BayesWitnesses/m2cgen,15,35,884,1082,1156,1190,1206,1218,1239,1256,1269,1301,1379,1441,1493,1559,1598,1677
rpng/open_vins,111,131,139,150,159,211,248,289,334,365,395,454,516,595,668,727,793,800
2d-inc/developer_quest,362,412,442,485,541,1659,1741,1799,1893,1984,2097,2206,2275,2442,2514,2581,2635,2700
NYAN-x-CAT/AsyncRAT-C-Sharp,6,6,8,13,20,29,37,47,92,120,166,221,278,335,407,483,534,683
timqian/open-source-jobs,561,619,636,658,678,726,830,864,903,939,961,991,1007,1029,1072,1099,1131,1172
xdp-project/xdp-tutorial,3,9,15,37,43,54,65,76,99,129,159,215,252,296,359,426,548,675
nickel-lang/nickel,138,166,178,192,210,223,235,254,300,300,300,300,300,300,300,300,300,300
microsoft/AttackSurfaceAnalyzer,10,16,19,53,399,644,697,712,779,829,846,886,929,1101,1160,1208,1233,1287
frontity/frontity,1,9,12,24,58,132,224,298,337,384,450,528,619,704,988,1353,1612,1871
4sval/FModel,2,2,2,5,6,10,12,17,22,25,36,46,50,68,104,132,207,260
zhulf0804/3D-PointCloud,2,2,2,2,2,3,4,5,7,10,16,21,24,27,29,35,70,162
victordibia/handtrack.js,383,600,717,850,939,1006,1088,1139,1214,1272,1332,1405,1462,1540,1624,1677,1728,2200
facebookresearch/XLM,295,332,367,407,451,502,591,639,951,1171,1482,1601,1719,1818,1916,2022,2102,2228
twmb/franz-go,1,1,1,1,1,1,1,1,1,1,2,11,13,71,181,200,200,200
ajbrock/BigGAN-PyTorch,872,935,978,1059,1106,1159,1219,1252,1351,1428,1495,1584,1633,1734,1816,1924,2014,2100
tiangolo/uvicorn-gunicorn-fastapi-docker,3,6,8,15,19,35,39,47,68,80,94,118,161,217,312,438,578,786
dakshshah96/awesome-startup-credits,1164,1237,1274,1322,1337,1346,1360,1368,1385,1445,1463,1493,1514,1569,1610,1668,1711,1774
mitsuhiko/insta,76,83,90,102,109,113,120,120,200,230,260,289,303,340,398,427,444,535
Luolc/AdaBound,1006,1673,1789,1903,1964,2042,2117,2181,2262,2316,2356,2409,2493,2551,2592,2637,2666,2703
alibaba/euler,853,936,948,1017,1073,1141,1209,1269,1349,1437,1520,1623,1724,1840,1951,2078,2172,2328
simplefoc/Arduino-FOC,1,1,1,1,1,1,1,1,1,3,7,22,43,113,211,322,400,400
aylei/interview,1215,1357,1459,1544,1609,1664,1704,1744,1819,1865,1979,2054,2119,2166,2234,2284,2330,2401
SharpAI/DeepCamera,189,317,336,377,401,417,429,442,456,459,462,464,466,471,474,476,507,717
pbatard/Fido,12,16,43,59,66,70,73,77,86,98,107,155,184,204,234,250,304,400
lorisleiva/laravel-actions,3,3,3,3,429,500,524,533,554,578,601,624,648,727,836,916,987,1227
CharlesPikachu/DecryptLogin,4,9,10,12,13,16,16,16,18,19,19,21,42,319,619,801,958,1323
SuperMonster003/Ant-Forest,2,3,44,113,187,219,255,277,358,448,496,821,937,1055,1292,1370,1542,1896
logamee/lin-cms-vue,76,84,86,131,152,183,217,281,438,534,625,745,865,966,1158,1352,1524,1761
thewhiteh4t/FinalRecon,42,63,67,93,104,109,115,127,157,196,227,244,325,442,491,573,751,885
symfony/mime,28,30,30,33,42,48,51,53,202,399,536,793,1022,1276,1433,1509,1575,1727
shadowsocks/v2ray-plugin,82,107,123,180,273,344,371,399,469,600,650,832,997,1144,1324,1459,1512,1598
YvetteLau/Blog,80,91,172,313,427,530,572,642,828,1001,1079,1228,1303,1478,1639,1740,1817,1955
huggingface/knockknock,124,215,240,263,279,309,323,335,357,604,791,1078,1207,1375,1507,1643,1791,1935
probe-rs/probe-rs,5,5,6,9,9,13,15,19,19,19,22,48,71,117,176,274,332,389
grayddq/GScan,34,37,50,60,141,263,294,331,355,391,624,667,695,775,856,945,1015,1162
Errichto/youtube,2,3,4,6,9,11,12,16,32,55,95,165,288,419,853,1053,1275,1479
NarHakobyan/awesome-nest-boilerplate,1,5,10,13,20,25,34,40,67,83,110,162,216,298,369,438,492,600
zhpmatrix/nlp-competitions-list-review,38,52,66,75,94,120,142,340,656,742,834,939,995,1121,1213,1291,1385,1538
mc1arke/sonarqube-community-branch-plugin,6,17,28,37,48,68,81,94,137,160,185,221,272,354,440,514,608,715
eliemichel/MapsModelsImporter,10,14,14,17,18,18,20,29,36,54,64,97,157,365,542,736,831,953
the-akira/Computer-Science-Resources,102,159,196,211,221,341,441,450,460,471,533,591,616,909,973,1019,1060,1191
rikschennink/shiny,2222,2435,2479,2518,2556,2574,2580,2586,2602,2627,2631,2641,2645,2659,2672,2677,2685,2690
tensorflow/graphics,4,58,1181,1429,1514,1572,1643,1685,1745,1809,1855,1911,1955,2049,2137,2199,2257,2300
jayden320/flutter_shuqi,140,270,333,410,527,804,873,954,1084,1181,1291,1381,1484,1589,1702,1807,1871,1967
teal-language/tl,1,4,6,8,17,17,19,19,19,19,19,21,36,55,145,261,415,534
NVIDIA/gpu-operator,2,2,2,2,2,3,6,7,8,9,14,57,75,115,154,192,221,262
facebook/Ax,1,1,1,2,2,405,547,625,678,741,795,878,927,1012,1100,1181,1253,1349
panr/hugo-theme-terminal,11,22,32,44,58,68,75,78,99,130,160,205,260,324,396,484,585,694
xiaolai/time-as-a-friend,156,224,271,309,349,377,399,422,538,629,669,712,741,799,868,906,935,998
smartHomeHub/SmartIR,30,42,51,62,85,104,123,140,180,217,237,263,297,334,410,481,549,631
wcventure/FuzzingPaper,12,16,20,42,80,89,135,157,231,291,349,438,502,668,726,800,800,800
taki0112/Tensorflow-Cookbook,1326,1823,1949,2070,2192,2235,2280,2311,2373,2434,2466,2500,2532,2569,2609,2623,2635,2646
laixintao/iredis,7,12,20,26,36,47,53,61,73,139,705,940,1036,1131,1200,1290,1300,1300
golevelup/nestjs,1,3,9,13,17,26,35,43,54,62,70,86,117,135,217,269,305,397
sbmpost/AutoRaise,1,2,3,3,3,4,5,6,7,7,10,11,14,17,31,34,57,110
wildfirechat/android-chat,3,4,4,9,29,216,390,532,641,767,881,1004,1131,1258,1400,1521,1607,1753
TencentCloud/TIMSDK,10,11,15,34,59,104,149,194,268,349,436,558,676,798,931,1093,1206,1390
pyro-ppl/numpyro,7,7,30,33,48,53,118,135,149,176,215,295,364,468,558,654,753,883
wesbos/eslint-config-wesbos,344,447,531,595,635,677,699,733,803,847,912,973,1247,1396,1508,1585,1711,1884
SanderMertens/ecs-faq,16,19,19,30,42,45,48,55,59,65,74,89,102,120,134,165,183,291
martinvigo/email2phonenumber,64,105,109,122,138,142,148,157,173,184,195,218,239,262,296,342,397,400
chartjs/awesome,4,5,9,12,19,32,44,48,79,109,145,174,201,276,346,403,458,560
cloud-annotations/cloud-annotations,225,331,352,400,417,470,699,1785,2021,2098,2123,2254,2286,2365,2392,2410,2419,2455
VainF/DeepLabV3Plus-Pytorch,1,1,2,2,2,2,2,3,4,8,10,13,27,57,96,171,222,300
nas5w/100-days-of-code-frontend,1,63,640,802,869,893,941,974,1018,1055,1102,1209,1254,1537,1607,1696,1799,1966
WireGuard/wireguard-windows,11,15,19,26,33,45,58,66,93,106,128,153,175,224,287,327,378,468
weskerfoot/DeleteFB,8,8,8,8,1760,2180,2257,2283,2322,2339,2372,2411,2437,2455,2477,2494,2514,2560
submariner-io/submariner,657,693,703,723,744,767,796,842,896,942,984,1064,1122,1214,1275,1312,1354,1408
js-newbee/taro-yanxuan,622,680,714,802,880,966,1030,1090,1215,1327,1409,1562,1680,1792,1940,2062,2114,2183
cosmicpython/code,1,1,1,1,2,2,3,3,6,8,10,19,32,68,144,211,282,400
brave/adblock-rust,2,3,3,4,7,139,152,161,175,183,193,204,223,262,291,320,403,483
robscott/kube-capacity,143,151,156,169,183,210,214,221,232,250,275,286,301,375,443,496,532,605
SeldonIO/alibi,1,1,1,3,174,198,217,243,279,304,326,373,404,465,556,652,742,895
harleyszhang/cv_note,6,14,15,26,59,84,91,105,344,388,424,467,504,594,664,705,750,864
biaochenxuying/blog-vue-typescript,30,42,60,77,101,118,162,200,265,327,398,500,589,692,813,929,1059,1183
switchablenorms/DeepFashion2,19,83,87,166,395,478,508,541,646,740,797,867,954,1032,1129,1214,1265,1347
flant/shell-operator,2,65,89,108,126,261,296,337,378,405,433,464,500,534,589,853,978,1098
antoinelame/GazeTracking,1,15,42,50,61,66,75,81,103,121,147,191,223,303,379,440,512,612
HypoX64/DeepMosaics,2,2,2,2,2,3,3,3,8,63,79,98,110,147,189,219,275,375
cashapp/paparazzi,2,2,2,2,3,3,3,5,6,11,184,200,206,240,305,322,338,476
loveunk/deep-learning-llm-agent-notes,1,2,2,3,12,22,27,34,41,59,66,78,91,100,117,139,171,182
sbousseaden/EVTX-ATTACK-SAMPLES,63,95,132,162,299,330,375,423,465,482,499,611,667,739,816,973,1089,1200
stephenh/ts-proto,2,2,2,5,11,15,16,16,28,41,62,85,123,182,247,295,300,300
microsoft/DirectML,2,8,13,16,18,25,27,30,40,44,50,52,55,64,130,181,259,361
NeuronDance/DeepRL,31,42,49,64,70,76,79,80,91,107,156,439,656,782,886,996,1081,1231
seanbaxter/circle,89,113,118,120,121,125,160,175,197,205,216,236,300,369,562,588,627,679
DKJone/DKWechatHelper,69,96,137,167,186,220,238,247,269,283,290,301,307,354,375,390,417,500
react-ui-kit/dribbble2react,17,27,54,145,230,307,394,506,592,776,1033,1199,1352,1641,1836,1977,2072,2174
MayaPosch/NymphCast,2,2,2,2,2,2,2,2,2,2,2,12,17,655,1113,1154,1201,1292
Weilbyte/PVEDiscordDark,5,5,5,5,5,6,12,16,21,25,26,33,40,58,77,114,255,393
yyx990803/build-your-own-mint,1579,1640,1679,1799,1816,1833,1840,1844,1874,1887,1907,1918,1933,1960,2120,2142,2160,2190
Antabot/White-Jotter,2,2,2,10,10,23,26,33,52,125,172,264,369,554,817,980,1126,1361
Altinity/clickhouse-operator,2,2,4,6,9,11,23,40,63,102,110,133,179,216,254,290,330,406
ElegantLaTeX/ElegantBook,7,10,12,16,24,30,50,73,118,147,184,237,281,346,416,491,562,673
ashemery/exploitation-course,1,1,1,1,1,1,1,1,1,1,1,1,1,1,5,114,131,186
zhihu/griffith,893,1179,1346,1429,1528,1588,1617,1641,1678,1705,1730,1780,1815,1863,1919,1967,1999,2053
riba2534/TCP-IP-NetworkNote,4,4,5,5,5,5,9,11,17,23,24,31,34,52,58,70,90,122
dmlc/decord,6,23,31,34,45,49,57,57,75,80,92,106,146,206,311,383,431,500
vuestorefront/storefront-ui,3,3,3,3,6,86,104,116,557,702,753,834,900,1020,1126,1228,1337,1428
keithrozario/Klayers,2,2,2,3,4,11,17,21,23,29,54,77,131,167,215,283,359,465
filipedeschamps/video-maker,370,541,628,776,906,986,1070,1101,1168,1268,1341,1386,1445,1529,1691,1784,1841,1935
rbatis/rbatis,1,1,2,2,2,2,2,2,3,3,3,3,5,6,105,173,304,447
actions/labeler,1,2,2,2,2,2,3,3,31,77,104,162,199,251,312,378,428,517
Mattiwatti/EfiGuard,113,119,132,165,180,197,205,231,242,259,286,307,338,374,417,457,490,548
cokemine/ServerStatus-Hotaru,23,29,30,33,37,42,46,64,78,84,97,119,170,241,364,443,558,700
sentriz/gonic,1,1,1,1,1,1,1,1,1,66,94,114,136,188,229,316,379,441
mhutchie/vscode-git-graph,3,11,15,29,41,46,54,83,115,145,175,228,267,360,429,505,575,667
inertiajs/inertia-laravel,77,91,101,120,167,197,212,230,320,396,441,491,562,629,673,789,889,1000
jstaf/onedriver,1,2,4,5,8,12,15,19,23,27,33,43,49,59,85,107,115,130
Nheko-Reborn/nheko,12,14,20,40,63,74,82,93,107,128,134,145,160,189,233,281,316,400
siriwatknp/mui-treasury,16,17,18,25,54,85,124,149,197,241,286,343,451,616,795,972,1119,1309
github/CodeSearchNet,206,704,786,839,897,922,941,949,980,1022,1044,1098,1149,1206,1272,1316,1355,1400
aleenzz/Cobalt_Strike_wiki,35,176,217,312,369,400,466,497,550,601,647,725,772,841,900,975,1033,1117
HKUST-Aerial-Robotics/A-LOAM,2,96,134,155,179,199,218,244,284,327,362,409,466,523,583,649,733,820
ssloy/tinykaboom,1429,1478,1519,1553,1571,1585,1598,1607,1631,1658,1680,1714,1731,1753,1788,1821,1849,1897
open-telemetry/opentelemetry-java,9,12,15,29,64,95,110,117,135,158,183,210,237,404,495,550,619,700
ungoogled-software/ungoogled-chromium-windows,1,2,3,6,9,11,11,13,14,18,20,24,33,39,49,62,68,96
iann0036/former2,83,90,96,106,114,125,141,154,173,194,219,263,301,395,448,511,601,700
notAI-tech/NudeNet,35,38,39,44,55,57,92,99,115,124,133,158,174,202,239,421,474,600
chemprop/chemprop,5,5,5,9,12,14,16,20,23,30,40,63,77,183,268,309,367,435
danielegrattarola/spektral,2,3,207,303,332,341,348,349,357,367,392,427,481,544,700,1188,1322,1500
Ibit-to/google-unlocked,239,267,271,284,288,292,298,306,327,503,530,551,658,690,714,753,812,912
cycloidio/terracognita,12,12,66,110,136,146,152,162,173,185,194,226,252,295,327,370,417,500
BrikerMan/Kashgari,128,138,180,223,334,361,410,468,590,768,901,1050,1216,1340,1510,1622,1739,1893
nbei/Deep-Flow-Guided-Video-Inpainting,66,78,128,184,219,791,981,1028,1086,1141,1188,1281,1330,1431,1459,1517,1587,1687
DreamCats/java-notes,1,1,1,1,2,6,6,10,24,58,82,193,355,492,607,700,700,700
snobu/destreamer,1,1,1,1,1,1,1,1,3,9,19,23,26,107,354,537,854,1236
Cocos-BCX/cocos-bcx-node-bin,5,5,5,7,565,758,2086,2093,2105,2115,2121,2125,2126,2129,2135,2139,2322,2342
fengdu78/machine_learning_beginner,184,203,216,245,300,347,380,412,478,512,587,694,840,968,1084,1180,1257,1346
michuanhaohao/reid-strong-baseline,78,161,176,249,305,353,384,438,524,584,658,867,918,1029,1151,1271,1394,1508
apache/incubator-seata-samples,11,20,43,71,96,146,190,214,271,337,415,498,610,725,891,1000,1118,1319
microsoft/Deep3DFaceReconstruction,18,36,41,51,83,90,102,110,140,177,213,264,314,417,530,668,741,923
kubeovn/kube-ovn,3,4,5,78,130,195,204,238,304,337,356,405,445,509,554,603,659,761
m9rco/Genymotion_ARM_Translation,2,3,5,6,11,13,22,25,56,99,143,250,350,448,603,734,841,1023
xiaoweiChen/CPP-Concurrency-In-Action-2ed-2019,23,32,45,70,86,124,151,179,265,354,481,653,700,700,700,700,700,700
Unmanic/unmanic,5,5,6,10,11,11,16,23,32,38,57,72,86,118,135,151,165,204
FlyGoat/RyzenAdj,10,13,18,28,38,43,55,60,77,90,97,117,140,170,197,260,312,371
inertiajs/pingcrm,76,90,94,105,138,149,154,161,209,240,309,409,474,526,567,659,749,900
graphile/worker,2,10,13,19,29,36,39,42,60,81,102,216,243,376,434,484,523,599
retroplasma/earth-reverse-engineering,1496,1542,1561,1581,1599,1631,1639,1648,1668,1676,1686,1718,1752,1795,1844,1866,1895,1943
kuoruan/openwrt-v2ray,1,2,3,3,8,12,30,67,109,137,202,299,409,599,745,854,973,1153
liyin2015/python-coding-interview,2,2,3,9,15,19,52,71,102,144,175,362,445,554,708,846,947,1062
OWASP/API-Security,2,2,2,2,2,2,2,3,60,87,103,201,246,386,435,473,520,595
Checkmk/checkmk,4,18,23,33,40,46,50,57,69,89,102,118,143,180,292,319,357,400
zhaoolee/StarsAndClown,19,160,187,308,676,793,845,878,1123,1177,1219,1280,1345,1405,1464,1495,1533,1592
facebookresearch/pyrobot,44,436,740,868,907,924,963,988,1033,1072,1164,1405,1488,1580,1641,1694,1753,1800
rabobank-cdc/DeTTECT,171,197,203,213,236,249,258,303,338,367,397,439,466,536,657,720,784,880
hzwer/ICCV2019-LearningToPaint,24,31,44,97,714,863,957,1026,1143,1252,1319,1438,1489,1541,1612,1653,1701,1763
smithy-lang/smithy,2,2,2,2,2,2,86,113,123,129,132,154,160,195,244,269,295,356
iver56/audiomentations,2,5,5,9,9,9,10,17,33,45,56,58,71,84,128,165,226,376
juicycleff/flutter-unity-view-widget,10,12,20,29,33,40,46,54,91,129,160,225,270,417,536,632,751,884
NsCDE/NsCDE,11,12,12,12,15,19,21,21,24,34,51,57,72,333,365,396,441,487
luopeixiang/named_entity_recognition,3,5,14,33,46,70,78,100,144,172,203,249,366,490,614,704,800,928
FredKSchott/pika-pack,2,2,78,1035,1272,1352,1476,1506,1554,1610,1720,1764,1806,1897,1951,2040,2071,2139
nodejs/nodejs.dev,7,17,58,246,301,363,380,392,407,430,451,491,515,571,651,695,1173,1296
Unity-Technologies/UniversalRenderingExamples,1,1,1,11,47,78,99,127,213,283,322,372,451,533,630,741,826,987
traveller59/spconv,10,11,12,17,21,27,30,49,57,68,79,101,125,148,191,266,341,414
tvjsx/trading-vue-js,200,217,227,242,246,258,266,271,287,305,336,379,422,475,544,609,707,942
Snowming04/The-Hacker-Playbook-3-Translation,830,882,906,972,1000,1033,1096,1197,1272,1325,1371,1446,1484,1565,1659,1713,1779,1856
developersu/ns-usbloader,9,14,16,32,49,63,74,80,108,138,170,206,228,295,367,441,497,617
YXJ2018/SpringBoot-Vue-OnlineExam,1,1,2,3,4,6,6,7,27,34,46,73,114,148,187,224,273,300
ustayready/fireprox,273,301,309,322,333,341,350,355,382,398,410,439,456,529,565,646,700,768
cdarlint/winutils,1,1,1,1,2,5,7,9,23,34,64,100,146,206,281,371,438,557
chiphuyen/lazynlp,1064,1148,1179,1218,1241,1264,1302,1320,1366,1396,1447,1553,1610,1646,1685,1727,1754,1809
rabbitmask/WeblogicScan,31,34,50,83,112,158,213,261,441,506,541,611,657,721,799,925,1028,1174
dick20/MCM-ICM,1,1,1,1,3,4,6,8,11,13,13,20,76,259,283,291,313,640
namisan/mt-dnn,2,66,242,314,431,495,614,710,830,899,963,1045,1131,1237,1322,1401,1466,1564
guolindev/coolweatherjetpack,545,625,675,743,816,898,964,1008,1117,1209,1273,1389,1493,1572,1682,1767,1818,1906
ML4Comm-Netw/Paper-with-Code-of-Wireless-communication-Based-on-DL,11,16,23,28,40,57,68,82,111,128,144,188,234,284,348,436,510,619
googleprojectzero/fuzzilli,479,521,533,554,569,590,618,642,684,707,726,764,799,831,893,973,1036,1103
outflanknl/EvilClippy,122,163,176,254,460,491,505,517,547,571,603,660,712,782,847,902,1028,1159
dend/awesome-product-management,7,7,8,11,21,25,41,47,62,77,88,116,142,167,201,231,278,340
lonePatient/BERT-NER-Pytorch,56,65,67,72,91,102,124,139,174,213,259,341,438,556,600,600,600,600
clangd/clangd,4,4,4,5,6,8,10,11,11,18,24,28,34,47,67,118,152,227
Accenture/AmpliGraph,1,1,1,1,1,10,580,653,710,753,790,846,905,990,1077,1182,1255,1345
Daniil-Osokin/lightweight-human-pose-estimation.pytorch,9,15,57,77,89,111,134,152,196,237,274,342,395,476,572,657,762,886
lets-mica/mica,10,10,12,17,28,36,39,50,71,87,126,177,231,296,389,479,548,637
gnuton/asuswrt-merlin.ng,3,6,6,9,14,16,19,22,28,34,36,40,46,61,71,74,75,89
dreamans/syncd,730,844,892,943,981,1041,1156,1195,1240,1305,1361,1393,1444,1503,1572,1626,1661,1735
pbeshai/use-query-params,271,319,331,347,364,387,398,454,486,514,545,599,724,825,919,999,1086,1225
netease-im/NIM_Duilib_Framework,77,90,107,132,152,170,200,225,259,289,327,393,430,519,603,665,740,896
jensimmons/cssremedy,3,3,3,430,627,745,764,828,884,904,931,1009,1070,1105,1156,1316,1376,1436
joelparkerhenderson/queueing-theory,565,590,597,612,978,998,1004,1008,1012,1101,1113,1126,1138,1149,1154,1160,1170,1182
onlytailei/CppRobotics,15,31,35,44,54,198,209,219,241,273,305,342,378,463,518,587,641,695
asLody/SandHook,30,35,57,78,110,137,180,212,308,371,474,530,604,669,754,824,882,1027
mit-han-lab/temporal-shift-module,55,64,68,84,111,127,142,159,219,268,449,602,694,794,906,992,1085,1228
mattnotmax/cyberchef-recipes,78,81,84,90,92,100,105,105,132,140,208,231,250,294,346,404,437,476
Cysharp/ConsoleAppFramework,55,64,68,75,123,135,144,150,157,161,169,188,215,257,299,335,414,456
mozilla/neqo,1,1,3,10,11,13,15,15,187,298,516,615,703,760,843,890,941,999
puneetsl/lotion,1,1,1,1,2,6,8,8,16,36,58,117,185,309,516,708,917,1200
dmis-lab/biobert,104,122,136,152,171,185,197,225,267,368,405,488,558,635,747,827,912,1027
donavon/hook-flow,576,595,604,612,632,647,706,721,733,747,753,769,778,855,907,945,1062,1175
tuandm/laravue,6,62,75,109,127,147,243,266,341,400,505,675,989,1124,1256,1373,1494,1610
tensorflow/tfx,14,19,21,131,181,237,270,337,424,498,560,690,777,864,962,1042,1125,1240
react-native-netinfo/react-native-netinfo,23,30,33,50,75,108,131,167,234,310,357,426,507,599,691,777,866,969
semlinker/reactjs-interview-questions,605,779,825,883,1089,1128,1140,1172,1205,1233,1257,1286,1315,1381,1423,1474,1548,1643
ruby/rbs,53,61,63,95,100,120,124,127,142,154,178,199,212,251,485,709,888,1000
alfonsobries/vue-tailwind,1,3,6,15,22,35,49,56,95,117,146,194,252,337,507,720,908,1100
Dliv3/Venom,44,73,173,322,336,348,368,388,458,504,571,613,649,713,779,847,939,1100
huyaocode/webKnowledge,133,182,208,330,347,358,374,388,433,448,587,732,778,992,1084,1248,1358,1400
t9tio/cloudquery,1199,1543,1577,1632,1667,1744,1766,1777,1825,1859,1889,1910,1934,1960,1975,2006,2010,2035
wasmerio/wasmer-python,454,501,516,542,558,565,572,580,607,623,647,701,737,772,797,846,922,1100
webgpu/webgpu-samples,3,3,3,5,20,24,24,24,28,31,46,55,63,95,115,142,171,232
fxn/zeitwerk,205,260,274,353,435,478,514,547,591,632,710,811,890,943,1002,1046,1097,1171
miguelgrinberg/microdot,39,45,47,52,56,59,61,64,67,74,77,81,83,89,95,106,110,116
jonhoo/inferno,123,154,187,220,266,291,297,306,346,366,383,423,453,498,533,571,594,677
ottomatica/slim,125,136,137,141,142,143,1553,1589,1621,1650,1663,1677,1699,1717,1728,1744,1758,1782
Kludex/mangum,13,21,23,24,30,37,39,42,47,51,61,71,92,124,172,232,281,383
leeoniya/dropcss,982,1188,1339,1444,1570,1609,1621,1636,1662,1778,1804,1817,1860,1904,1932,1952,1963,1996
taniarascia/taniarascia.com,16,25,35,52,77,111,129,158,242,340,388,491,598,740,893,984,1053,1099
ever-co/ever-traduora,685,761,778,821,837,844,858,865,893,911,925,956,1068,1123,1163,1193,1244,1357
MichalStrehovsky/zerosharp,1,2,2,2,684,724,736,740,749,760,771,791,822,840,868,889,900,1039
TangSY/echarts-map-demo,2,6,9,17,34,46,67,81,108,126,157,200,253,301,342,377,469,542
yangkun19921001/Blog,1,1,1,1,1,2,2,2,2,2,2,2,2,685,895,983,1085,1200
jadepeng/XMusicDownloader,17,17,20,22,25,26,28,28,31,34,64,76,95,110,122,145,216,274
kalaiser/awesome-cdk,18,19,21,24,25,27,33,35,43,52,85,154,193,259,326,499,593,766
MasterDevX/Termux-ADB,2,4,5,8,17,21,26,32,47,65,89,117,149,199,247,301,370,460
Qoraiche/laravel-mail-editor,270,311,327,680,737,814,853,913,963,1014,1062,1108,1165,1220,1311,1354,1394,1446
TideSec/WDScanner,2,2,18,244,274,298,342,382,602,678,732,787,856,918,1031,1107,1157,1218
cheese10yun/spring-guide,63,83,87,112,123,129,133,135,152,173,184,203,233,263,298,344,380,455
matchai/awesome-pinned-gists,6,8,8,13,54,59,65,73,87,109,126,162,208,289,420,635,708,825
rosenbjerg/FFMpegCore,3,6,7,13,17,25,35,45,59,76,89,110,124,146,184,229,283,378
nix-community/nix-on-droid,4,5,5,6,10,14,15,20,21,24,29,42,47,59,69,88,101,136
SebLague/Path-Creator,274,290,301,318,334,355,371,389,414,479,509,555,580,619,676,738,807,892
mJackie/RecSys,21,38,55,86,116,129,144,166,220,272,341,548,620,723,857,974,1130,1273
marp-team/marp-vscode,5,10,15,18,26,36,40,47,62,77,91,121,169,202,230,277,323,390
alash3al/sqler,1419,1488,1525,1561,1588,1626,1642,1654,1667,1682,1705,1722,1741,1756,1777,1799,1811,1827
kiccer/Soldier76,1,6,7,7,8,13,23,32,68,86,112,149,213,280,337,367,408,500
GantMan/nsfw_model,2,4,5,99,142,193,216,237,271,300,325,363,388,411,455,492,530,594
generalized-intelligence/GAAS,35,51,58,123,161,237,296,340,538,636,742,837,929,1052,1139,1179,1226,1300
RenderKit/oidn,361,402,413,426,436,452,464,483,503,526,584,664,703,736,778,821,853,898
youyuge34/PI-REC,563,754,813,868,976,1002,1018,1032,1076,1132,1158,1188,1211,1243,1278,1311,1347,1431
delip/PyTorchNLPBook,10,20,94,141,175,240,285,335,398,448,519,601,728,842,981,1066,1134,1251
fluttercandies/extended_image,5,16,19,29,52,68,82,121,176,242,322,417,515,597,708,789,854,952
klaudiosinani/qoa,1128,1363,1410,1466,1513,1544,1571,1597,1633,1643,1658,1680,1705,1814,1847,1868,1883,1910
typpo/quickchart,369,416,473,547,613,661,678,689,696,730,750,777,796,823,864,890,925,994
NateScarlet/holiday-cn,1,1,1,1,1,1,1,1,3,4,7,12,17,25,48,68,87,150
Qihoo360/Quicksql,152,198,237,266,292,325,341,353,383,410,437,1025,1137,1224,1292,1350,1423,1510
symfony/http-client,115,128,129,148,157,167,202,246,309,355,422,551,657,772,842,900,975,1102
vuepress/awesome-vuepress,23,45,57,91,129,154,182,203,266,344,397,488,577,672,838,939,1022,1155
ssloy/tinyraycaster,9,26,28,814,859,879,894,908,934,962,979,1014,1067,1110,1150,1192,1225,1269
LastAncientOne/Stock_Analysis_For_Quant,1,3,5,8,11,16,17,19,32,42,48,65,93,124,215,283,335,491
reactive/data-client,10,37,48,62,83,166,219,234,502,636,695,769,812,905,997,1058,1096,1184
c0ny1/chunked-coding-converter,277,297,309,322,336,353,372,384,424,472,496,564,578,611,662,745,780,888
aburkov/theMLbook,18,23,26,29,33,40,282,402,571,626,707,775,826,903,1056,1100,1169,1272
microsoft/just,23,28,33,42,47,49,123,135,316,1206,1275,1331,1366,1514,1556,1588,1631,1664
xinychen/awesome-latex-drawing,22,27,38,51,62,146,154,165,209,236,349,386,412,427,460,484,516,570
CastagnaIT/plugin.video.netflix,1,1,3,10,24,36,47,59,77,114,139,203,293,420,558,735,812,940
microsoft/WebTemplateStudio,1,1,1,1,1,2,3,333,565,605,1392,1544,1591,1643,1675,1709,1748,1789
sindresorhus/capture-website,230,387,453,498,556,567,588,597,671,695,709,743,768,810,838,878,918,973
lsqy/taro-music,3,3,3,43,76,102,128,173,247,316,359,417,484,576,630,698,774,800
ASHWIN990/ADB-Toolkit,2,2,2,2,3,3,4,6,7,8,9,10,14,21,58,126,159,200
ranile/gloo,1,195,254,321,368,388,408,424,445,470,486,509,561,611,656,683,704,732
aiortc/aioquic,4,4,5,8,10,11,13,54,82,121,160,221,268,307,375,424,462,539
Leezj9671/Pentest_Interview,161,270,293,318,339,358,382,411,458,514,550,624,705,847,939,1011,1083,1156
bitbrute/evillimiter,21,56,62,74,81,158,185,205,240,319,346,373,402,445,501,556,606,709
ChimeraOS/chimeraos,29,29,29,29,29,29,29,30,50,62,66,76,98,142,177,195,244,324
100daysofdevops/100daysofdevops,4,4,7,11,14,21,24,26,27,42,60,116,152,173,202,231,263,311
develsoftware/GMinerRelease,7,9,9,11,14,16,18,26,40,46,50,56,66,79,85,95,101,159
microsoft/msticpy,1,2,2,3,9,12,14,15,37,40,47,84,131,227,267,318,355,425
storeon/storeon,176,219,248,295,633,802,834,859,910,939,961,990,1083,1235,1357,1398,1481,1545
DasyDong/developer-roadmap,5,14,20,63,131,176,216,247,292,335,433,616,724,884,900,900,900,900
ccyyycy/ycy,1459,1662,1708,1773,1837,1852,1860,1865,1888,1896,1901,1910,1915,1922,1928,1934,1937,1939
Kejifaxian/welcome,2,2,2,3,4,7,11,13,23,30,41,50,61,77,104,119,131,155
JavierAntoran/Bayesian-Neural-Networks,1,2,2,3,9,43,55,70,100,128,243,319,403,486,563,654,726,841
dahliaOS/pangolin_desktop,6,6,9,13,26,41,56,62,240,333,357,391,400,400,400,400,400,400
mdnice/markdown-resume,3,3,3,7,27,35,53,60,96,144,190,246,284,378,465,521,570,673
aleksanderwozniak/table_calendar,27,34,40,53,69,77,95,115,166,210,253,315,379,479,564,636,701,814
protectwise/troika,3,4,4,4,4,6,6,6,6,7,9,13,16,37,43,113,155,243
google-deepmind/mathematics_dataset,744,788,813,840,857,892,940,956,989,1009,1027,1089,1110,1130,1158,1190,1263,1316
thegreatjavascript/FakeScreenshot,43,43,47,207,270,279,336,363,489,510,519,541,566,706,841,889,921,960
dotnet/format,10,80,117,142,188,219,231,244,263,287,311,337,381,429,505,604,684,833
dev-mastery/comments-api,65,84,88,111,138,156,184,197,223,259,466,582,668,786,900,988,1072,1200
liuchengxu/vista.vim,11,32,36,49,156,182,194,212,266,313,345,432,506,612,737,818,916,1051
smallnest/1m-go-tcp-server,356,388,418,440,457,485,512,539,588,629,678,735,785,822,890,960,1026,1117
vEnhance/napkin,6,8,9,16,25,27,32,36,100,119,150,182,204,227,275,311,351,407
openacid/slim,1,3,3,70,956,1013,1037,1049,1072,1239,1263,1277,1301,1320,1337,1354,1372,1491
dromara/Jpom,1,1,1,4,11,13,15,18,27,34,39,44,55,57,63,65,69,73
kentcdodds/use-deep-compare-effect,146,151,161,164,174,189,214,233,268,287,364,447,509,647,777,884,994,1157
clawsoftware/clawPDF,2,2,2,4,4,4,8,12,24,30,36,45,55,70,88,113,127,159
shahraizali/awesome-django,1,2,4,6,11,18,27,31,43,108,140,196,232,303,344,395,455,537
smapiot/piral,8,10,10,10,10,10,10,11,16,23,25,71,179,254,360,434,523,644
ageron/tf2_course,342,580,654,731,784,895,996,1081,1183,1232,1278,1338,1414,1467,1509,1559,1588,1618
zjhuang22/maskscoring_rcnn,563,715,777,863,953,1025,1078,1122,1211,1265,1328,1438,1522,1574,1612,1647,1673,1697
learning-zone/java-basics,1,1,2,4,6,6,6,6,7,13,20,25,48,80,117,166,200,200
moveit/moveit2,6,9,11,48,55,56,59,62,63,64,67,74,79,98,110,122,140,180
simoneb/axios-hooks,4,5,7,13,20,27,46,54,78,93,116,163,307,412,522,623,693,788
mxcl/swift-sh,699,828,894,949,1003,1043,1069,1080,1111,1123,1147,1171,1202,1245,1296,1328,1351,1412
rapi-doc/RapiDoc,2,3,6,20,25,31,34,38,48,58,67,80,105,139,194,235,283,362
shepmaster/snafu,2,3,4,5,8,26,113,134,170,264,301,344,374,406,449,488,533,590
microsoft/BlingFire,2,4,22,832,1160,1190,1199,1207,1221,1243,1257,1271,1292,1318,1352,1374,1395,1424
krzemienski/awesome-video,18,21,24,32,36,39,56,63,93,108,179,207,258,300,300,300,300,300
WenhaoDaiCN/Panda-Learning,184,391,580,803,1026,1170,1261,1386,1526,1603,1650,1689,1734,1784,1822,1843,1847,1859
scaleflex/filerobot-image-editor,1,2,2,2,5,12,13,15,43,45,58,86,102,126,159,195,233,304
