repo,tau_0.02,tau_0.05,tau_0.1,tau_0.15,tau_0.2,tau_0.3,tau_0.375,tau_0.5,tau_0.75,tau_1
changeweb/Unifiedtransform,118,796,1108,1159,1233,1333,1368,1458,1776,1927
BayesWitnesses/m2cgen,0,14,1105,1190,1220,1257,1281,1385,1526,1653
rpng/open_vins,0,0,0,0,0,112,180,339,530,710
2d-inc/developer_quest,0,0,428,540,1741,1937,2095,2256,2527,2679
NYAN-x-CAT/AsyncRAT-C-Sharp,6,13,29,46,92,166,221,314,483,681
timqian/open-source-jobs,617,654,710,859,902,961,991,1021,1099,1172
xdp-project/xdp-tutorial,9,37,54,76,99,159,214,278,426,671
nickel-lang/nickel,0,0,0,0,0,0,0,0,0,228
microsoft/AttackSurfaceAnalyzer,0,0,25,631,706,827,857,927,1179,1261
frontity/frontity,0,12,63,225,322,401,510,644,1305,1832
4sval/FModel,0,0,5,9,17,25,42,50,113,236
zhulf0804/3D-PointCloud,2,2,3,4,6,14,20,26,34,145
victordibia/handtrack.js,0,528,874,1025,1158,1295,1369,1478,1661,2147
facebookresearch/XLM,318,401,492,632,940,1466,1595,1768,2019,2223
twmb/franz-go,0,0,0,0,0,0,1,1,13,191
ajbrock/BigGAN-PyTorch,0,0,925,1095,1206,1376,1482,1615,1831,2063
tiangolo/uvicorn-gunicorn-fastapi-docker,6,14,34,47,67,94,116,177,435,780
dakshshah96/awesome-startup-credits,1235,1322,1346,1368,1385,1463,1493,1537,1668,1773
mitsuhiko/insta,83,102,113,120,200,260,289,331,427,533
Luolc/AdaBound,1487,1870,2029,2172,2254,2347,2405,2517,2634,2702
alibaba/euler,870,982,1126,1254,1338,1509,1611,1784,2069,2321
simplefoc/Arduino-FOC,0,0,0,0,0,1,1,3,83,331
aylei/interview,1353,1544,1663,1744,1819,1979,2053,2139,2284,2401
SharpAI/DeepCamera,311,375,417,442,456,462,464,468,476,715
pbatard/Fido,0,0,46,68,73,96,107,179,241,341
lorisleiva/laravel-actions,2,3,463,526,549,598,620,659,903,1200
CharlesPikachu/DecryptLogin,8,12,14,16,17,19,20,65,791,1307
SuperMonster003/Ant-Forest,1,53,202,261,345,464,788,976,1358,1874
logamee/lin-cms-vue,84,131,183,281,438,625,745,938,1352,1758
thewhiteh4t/FinalRecon,0,0,88,109,127,194,234,318,517,832
symfony/mime,30,33,48,53,202,536,793,1158,1509,1726
shadowsocks/v2ray-plugin,105,178,344,398,466,650,830,1066,1459,1598
YvetteLau/Blog,91,313,528,641,825,1079,1228,1384,1740,1952
huggingface/knockknock,214,263,309,335,357,791,1078,1307,1642,1934
probe-rs/probe-rs,5,7,10,19,19,19,45,80,254,383
grayddq/GScan,0,0,60,263,331,391,647,695,897,1107
Errichto/youtube,3,6,11,16,30,93,161,338,1043,1475
NarHakobyan/awesome-nest-boilerplate,0,0,8,20,34,77,107,204,386,551
zhpmatrix/nlp-competitions-list-review,52,75,120,339,656,834,939,1050,1291,1536
mc1arke/sonarqube-community-branch-plugin,3,31,55,85,126,178,212,305,498,705
eliemichel/MapsModelsImporter,14,17,18,29,36,63,97,257,736,952
the-akira/Computer-Science-Resources,158,210,341,450,460,533,591,875,1019,1189
rikschennink/shiny,2434,2518,2574,2586,2602,2631,2641,2648,2677,2690
tensorflow/graphics,0,0,0,1,1458,1691,1771,1896,2102,2261
jayden320/flutter_shuqi,243,398,792,949,1082,1286,1380,1556,1802,1964
teal-language/tl,4,8,17,19,19,19,21,43,261,529
NVIDIA/gpu-operator,2,2,3,7,8,14,56,92,192,259
facebook/Ax,1,2,3,601,660,779,866,952,1165,1331
panr/hugo-theme-terminal,17,44,68,78,98,158,201,296,484,688
xiaolai/time-as-a-friend,224,309,377,422,538,669,712,767,906,997
smartHomeHub/SmartIR,42,61,102,138,177,237,262,314,481,630
wcventure/FuzzingPaper,0,0,0,0,0,0,14,143,446,721
taki0112/Tensorflow-Cookbook,1823,2070,2235,2311,2373,2466,2500,2550,2623,2646
laixintao/iredis,0,0,0,0,0,16,44,131,1057,1259
golevelup/nestjs,1,13,24,42,52,68,82,127,267,388
sbmpost/AutoRaise,0,3,3,6,6,9,11,14,33,100
wildfirechat/android-chat,1,4,70,476,608,846,971,1191,1495,1740
TencentCloud/TIMSDK,10,28,95,179,259,425,548,740,1084,1382
pyro-ppl/numpyro,0,6,40,59,136,181,242,366,601,836
wesbos/eslint-config-wesbos,447,594,677,733,803,912,973,1319,1585,1883
SanderMertens/ecs-faq,16,21,42,53,59,74,88,112,163,288
martinvigo/email2phonenumber,0,0,0,0,8,145,168,196,262,357
chartjs/awesome,5,12,32,48,79,145,174,235,403,559
cloud-annotations/cloud-annotations,313,399,463,1762,2014,2122,2252,2314,2410,2455
VainF/DeepLabV3Plus-Pytorch,1,2,2,2,4,10,11,37,157,292
nas5w/100-days-of-code-frontend,59,799,891,972,1015,1102,1208,1485,1694,1964
WireGuard/wireguard-windows,15,26,45,66,93,128,152,196,327,467
weskerfoot/DeleteFB,0,8,9,2240,2292,2349,2389,2440,2485,2558
submariner-io/submariner,691,723,767,842,896,984,1063,1178,1312,1408
js-newbee/taro-yanxuan,0,702,886,1031,1162,1370,1492,1705,2034,2175
cosmicpython/code,0,0,1,2,3,8,13,30,179,365
brave/adblock-rust,0,2,5,141,161,184,198,223,307,471
robscott/kube-capacity,149,169,209,219,232,274,286,309,494,602
SeldonIO/alibi,0,1,146,205,258,310,346,414,599,857
harleyszhang/cv_note,14,24,84,105,344,424,467,564,704,863
biaochenxuying/blog-vue-typescript,42,77,118,199,263,397,500,650,928,1183
switchablenorms/DeepFashion2,77,164,477,540,641,795,866,985,1213,1346
flant/shell-operator,59,105,257,334,375,433,464,517,850,1092
antoinelame/GazeTracking,1,44,63,78,96,137,184,230,429,602
HypoX64/DeepMosaics,2,2,3,3,7,78,95,121,217,368
cashapp/paparazzi,2,2,3,5,6,183,200,211,322,474
loveunk/deep-learning-llm-agent-notes,0,2,13,27,36,64,72,92,136,180
sbousseaden/EVTX-ATTACK-SAMPLES,0,0,157,326,414,481,535,665,857,1181
stephenh/ts-proto,0,0,0,0,0,2,13,30,130,279
microsoft/DirectML,8,16,24,28,40,50,52,60,179,359
NeuronDance/DeepRL,42,64,76,80,91,156,438,706,996,1229
seanbaxter/circle,113,120,125,175,197,216,236,349,586,679
DKJone/DKWechatHelper,96,166,220,246,269,290,301,331,389,499
react-ui-kit/dribbble2react,23,135,301,498,590,1021,1196,1463,1977,2173
MayaPosch/NymphCast,2,2,2,2,2,2,12,28,1154,1291
Weilbyte/PVEDiscordDark,5,5,6,16,21,26,33,48,114,392
yyx990803/build-your-own-mint,1640,1799,1833,1844,1874,1907,1918,1949,2142,2189
Antabot/White-Jotter,2,10,23,33,52,172,264,443,980,1361
Altinity/clickhouse-operator,2,6,10,36,60,106,129,189,287,400
ElegantLaTeX/ElegantBook,10,14,29,72,117,183,235,317,490,672
ashemery/exploitation-course,1,1,1,1,1,1,1,1,109,184
zhihu/griffith,1174,1428,1587,1640,1678,1729,1780,1836,1967,2053
riba2534/TCP-IP-NetworkNote,0,0,3,5,5,17,23,32,58,105
dmlc/decord,0,0,0,31,45,73,81,106,298,462
vuestorefront/storefront-ui,3,3,86,116,557,753,834,965,1228,1428
keithrozario/Klayers,0,2,5,19,23,39,68,140,263,444
filipedeschamps/video-maker,541,776,986,1101,1168,1341,1386,1483,1784,1932
rbatis/rbatis,0,1,2,2,2,3,3,5,151,411
actions/labeler,1,2,2,3,13,100,149,210,368,507
Mattiwatti/EfiGuard,119,165,197,231,242,286,307,356,457,548
cokemine/ServerStatus-Hotaru,25,31,39,64,76,96,119,198,441,698
sentriz/gonic,0,0,1,1,1,1,89,130,234,410
mhutchie/vscode-git-graph,11,29,44,82,115,175,228,301,505,666
inertiajs/inertia-laravel,0,89,154,205,243,420,467,576,735,968
jstaf/onedriver,1,4,10,17,23,33,40,50,105,124
Nheko-Reborn/nheko,13,38,73,92,105,134,144,170,280,396
siriwatknp/mui-treasury,17,23,65,145,194,271,337,537,967,1300
github/CodeSearchNet,0,0,0,0,0,731,920,1003,1159,1304
aleenzz/Cobalt_Strike_wiki,176,312,400,497,550,647,725,812,975,1117
HKUST-Aerial-Robotics/A-LOAM,84,155,198,243,282,362,408,494,649,818
ssloy/tinykaboom,1478,1552,1585,1607,1631,1680,1714,1741,1821,1897
open-telemetry/opentelemetry-java,0,7,39,99,120,162,193,255,530,688
ungoogled-software/ungoogled-chromium-windows,0,2,9,11,14,20,23,35,59,91
iann0036/former2,0,0,91,113,137,180,215,288,459,696
notAI-tech/NudeNet,0,35,46,59,101,125,142,176,403,566
chemprop/chemprop,2,5,13,16,23,37,57,84,305,430
danielegrattarola/spektral,3,296,338,348,353,390,422,508,1180,1498
Ibit-to/google-unlocked,266,284,292,306,326,530,551,671,753,912
cycloidio/terracognita,0,0,0,0,103,156,178,215,310,417
BrikerMan/Kashgari,129,201,357,446,576,882,1033,1276,1612,1885
nbei/Deep-Flow-Guided-Video-Inpainting,0,0,170,228,1009,1136,1225,1326,1478,1639
DreamCats/java-notes,0,0,0,0,0,0,1,14,310,627
snobu/destreamer,1,1,1,1,3,18,23,39,537,1232
Cocos-BCX/cocos-bcx-node-bin,0,0,4,7,855,2105,2119,2125,2135,2342
fengdu78/machine_learning_beginner,202,245,347,412,478,587,694,923,1180,1344
michuanhaohao/reid-strong-baseline,161,248,353,438,524,658,867,963,1271,1507
apache/incubator-seata-samples,20,70,145,214,271,414,496,674,1000,1319
microsoft/Deep3DFaceReconstruction,35,50,90,110,140,213,264,368,668,921
kubeovn/kube-ovn,4,77,195,238,304,356,405,485,603,761
m9rco/Genymotion_ARM_Translation,1,6,12,22,49,133,233,389,716,1008
xiaoweiChen/CPP-Concurrency-In-Action-2ed-2019,0,0,0,0,0,0,0,0,182,681
Unmanic/unmanic,5,10,11,23,32,57,72,91,148,204
FlyGoat/RyzenAdj,13,28,43,60,77,97,117,154,260,371
inertiajs/pingcrm,0,83,116,152,165,289,339,488,601,888
graphile/worker,8,19,35,42,58,100,216,340,483,597
retroplasma/earth-reverse-engineering,1534,1576,1631,1648,1667,1686,1718,1768,1864,1938
kuoruan/openwrt-v2ray,0,2,8,31,96,167,262,455,831,1121
liyin2015/python-coding-interview,2,9,19,71,101,174,361,502,846,1060
OWASP/API-Security,0,2,2,2,14,91,181,306,465,572
Checkmk/checkmk,0,0,22,40,50,82,101,138,304,393
zhaoolee/StarsAndClown,160,308,793,878,1123,1219,1280,1382,1495,1592
facebookresearch/pyrobot,0,0,0,0,715,964,1033,1247,1589,1744
rabobank-cdc/DeTTECT,196,213,249,303,337,397,439,488,720,879
hzwer/ICCV2019-LearningToPaint,29,97,861,1025,1143,1316,1438,1511,1653,1762
smithy-lang/smithy,2,2,2,112,123,132,154,182,264,348
iver56/audiomentations,5,9,9,17,33,55,58,74,165,372
juicycleff/flutter-unity-view-widget,12,29,39,54,91,159,225,367,631,883
NsCDE/NsCDE,12,12,19,21,24,51,57,296,396,487
luopeixiang/named_entity_recognition,5,32,70,99,144,200,249,425,703,927
FredKSchott/pika-pack,2,995,1341,1505,1547,1717,1761,1860,2039,2137
nodejs/nodejs.dev,17,246,363,392,407,451,491,526,695,1294
Unity-Technologies/UniversalRenderingExamples,0,0,1,48,100,239,324,404,652,900
traveller59/spconv,11,17,27,49,57,79,99,142,266,412
tvjsx/trading-vue-js,206,239,256,270,285,336,376,444,596,932
Snowming04/The-Hacker-Playbook-3-Translation,880,972,1033,1195,1271,1371,1446,1528,1713,1856
developersu/ns-usbloader,13,26,59,80,104,168,203,255,437,611
YXJ2018/SpringBoot-Vue-OnlineExam,0,0,0,0,2,6,27,57,154,259
ustayready/fireprox,0,0,309,334,351,397,411,455,578,746
cdarlint/winutils,0,1,2,7,17,47,81,165,344,534
chiphuyen/lazynlp,1148,1218,1264,1320,1366,1447,1553,1633,1727,1809
rabbitmask/WeblogicScan,29,64,136,229,361,531,597,674,919,1160
dick20/MCM-ICM,1,1,4,8,11,13,20,147,291,623
namisan/mt-dnn,1,273,451,644,803,953,1026,1159,1386,1553
guolindev/coolweatherjetpack,625,742,898,1008,1117,1273,1389,1518,1767,1906
ML4Comm-Netw/Paper-with-Code-of-Wireless-communication-Based-on-DL,16,28,57,82,111,144,188,252,436,616
googleprojectzero/fuzzilli,521,554,590,642,684,726,764,818,973,1103
outflanknl/EvilClippy,162,253,490,515,547,603,660,747,902,1159
dend/awesome-product-management,7,8,24,46,57,83,113,150,227,336
lonePatient/BERT-NER-Pytorch,0,0,0,0,0,0,0,72,261,559
clangd/clangd,4,5,8,11,11,24,28,37,118,226
Accenture/AmpliGraph,1,1,10,652,709,789,844,961,1181,1345
Daniil-Osokin/lightweight-human-pose-estimation.pytorch,15,77,110,152,196,273,342,428,657,884
lets-mica/mica,10,16,36,50,70,125,173,281,475,635
gnuton/asuswrt-merlin.ng,0,6,13,18,22,35,37,47,73,85
dreamans/syncd,793,933,1031,1188,1236,1358,1391,1484,1625,1733
pbeshai/use-query-params,309,345,387,445,484,541,598,767,997,1219
netease-im/NIM_Duilib_Framework,0,83,147,185,234,304,363,440,646,840
jensimmons/cssremedy,3,430,745,826,884,931,1009,1080,1316,1435
joelparkerhenderson/queueing-theory,590,612,998,1008,1012,1113,1126,1143,1160,1182
onlytailei/CppRobotics,6,35,170,213,238,299,338,415,581,689
asLody/SandHook,1,58,113,189,284,449,514,625,812,1000
mit-han-lab/temporal-shift-module,64,84,127,159,219,449,602,744,992,1226
mattnotmax/cyberchef-recipes,81,90,100,105,132,208,231,268,404,476
Cysharp/ConsoleAppFramework,64,74,135,150,157,169,188,245,335,456
mozilla/neqo,0,3,12,15,178,485,592,713,886,991
puneetsl/lotion,0,1,2,7,8,46,88,209,645,1168
dmis-lab/biobert,117,148,181,208,266,402,485,598,825,1021
donavon/hook-flow,592,612,647,721,733,753,769,788,943,1174
tuandm/laravue,10,107,140,258,327,493,664,1055,1361,1605
tensorflow/tfx,19,131,237,337,424,560,690,821,1042,1238
react-native-netinfo/react-native-netinfo,30,50,107,167,232,357,426,551,777,967
semlinker/reactjs-interview-questions,776,880,1127,1171,1205,1257,1286,1343,1474,1640
ruby/rbs,0,0,94,120,127,152,190,212,533,992
alfonsobries/vue-tailwind,0,0,6,24,49,105,147,239,567,1092
Dliv3/Venom,0,77,337,368,405,527,600,659,831,1064
huyaocode/webKnowledge,0,0,179,342,368,440,537,763,1105,1398
t9tio/cloudquery,1542,1632,1742,1777,1825,1889,1910,1950,2006,2035
wasmerio/wasmer-python,0,499,554,569,584,633,689,744,821,1079
webgpu/webgpu-samples,3,4,23,24,26,44,54,79,140,230
fxn/zeitwerk,205,320,465,536,587,684,801,912,1044,1165
miguelgrinberg/microdot,0,43,55,61,65,76,77,83,103,115
jonhoo/inferno,154,220,291,306,346,383,423,474,571,676
ottomatica/slim,136,141,143,1589,1621,1663,1677,1712,1744,1782
Kludex/mangum,21,24,37,42,47,61,71,114,232,382
leeoniya/dropcss,1182,1440,1609,1636,1662,1804,1817,1885,1952,1996
taniarascia/taniarascia.com,20,44,103,153,233,384,479,664,982,1096
ever-co/ever-traduora,721,806,840,863,886,923,955,1087,1191,1355
MichalStrehovsky/zerosharp,2,2,724,740,748,770,791,835,889,1038
TangSY/echarts-map-demo,0,2,25,56,91,135,179,259,371,523
yangkun19921001/Blog,0,0,1,1,2,2,2,2,910,1145
jadepeng/XMusicDownloader,17,22,26,28,31,64,76,103,145,273
kalaiser/awesome-cdk,19,24,27,35,43,85,154,223,499,765
MasterDevX/Termux-ADB,3,6,20,32,46,89,117,172,300,457
Qoraiche/laravel-mail-editor,309,675,811,912,963,1060,1107,1186,1353,1445
TideSec/WDScanner,2,237,297,380,594,730,786,904,1106,1217
cheese10yun/spring-guide,63,98,128,134,150,184,200,248,339,444
matchai/awesome-pinned-gists,8,13,58,73,87,126,161,233,634,824
rosenbjerg/FFMpegCore,3,11,22,43,58,87,109,130,224,373
nix-community/nix-on-droid,5,6,14,20,21,29,42,53,88,136
SebLague/Path-Creator,288,318,355,387,414,508,555,601,736,890
mJackie/RecSys,30,83,127,163,218,339,543,657,965,1272
marp-team/marp-vscode,10,18,36,47,61,90,121,181,277,388
alash3al/sqler,1483,1559,1626,1654,1667,1705,1722,1750,1798,1826
kiccer/Soldier76,0,2,8,17,46,90,133,230,360,497
GantMan/nsfw_model,4,99,193,237,271,325,363,400,492,593
generalized-intelligence/GAAS,0,52,159,293,416,683,815,963,1171,1288
RenderKit/oidn,400,426,452,482,503,584,664,721,821,898
youyuge34/PI-REC,746,868,1001,1031,1075,1158,1188,1229,1311,1428
delip/PyTorchNLPBook,20,141,239,332,398,519,600,779,1066,1251
fluttercandies/extended_image,7,23,61,114,172,318,399,540,787,944
klaudiosinani/qoa,0,1133,1493,1547,1597,1648,1664,1710,1857,1900
typpo/quickchart,401,544,660,687,696,750,777,809,888,992
NateScarlet/holiday-cn,1,1,1,1,3,6,12,21,67,149
Qihoo360/Quicksql,198,266,325,353,383,437,1025,1194,1350,1508
symfony/http-client,128,148,167,246,309,422,551,727,900,1100
vuepress/awesome-vuepress,45,91,154,203,266,397,488,626,939,1154
ssloy/tinyraycaster,26,812,879,908,934,979,1014,1090,1192,1269
LastAncientOne/Stock_Analysis_For_Quant,1,5,15,19,32,48,62,108,275,465
reactive/data-client,8,49,84,227,462,682,765,836,1048,1166
c0ny1/chunked-coding-converter,297,322,353,384,424,496,564,595,745,888
aburkov/theMLbook,18,26,35,386,518,700,758,862,1096,1264
microsoft/just,14,37,47,126,200,1253,1321,1482,1586,1662
xinychen/awesome-latex-drawing,24,49,135,164,196,343,384,419,484,563
CastagnaIT/plugin.video.netflix,1,10,36,59,77,139,203,352,735,940
microsoft/WebTemplateStudio,1,1,2,260,563,1387,1542,1619,1708,1789
sindresorhus/capture-website,387,498,567,597,671,709,743,791,878,973
lsqy/taro-music,0,0,0,0,3,145,255,385,594,755
ASHWIN990/ADB-Toolkit,0,2,3,4,7,8,10,15,117,197
ranile/gloo,1,281,375,419,442,485,501,581,680,729
aiortc/aioquic,4,6,11,54,82,160,221,288,424,537
Leezj9671/Pentest_Interview,200,314,354,392,452,545,620,737,1006,1147
bitbrute/evillimiter,56,74,157,204,240,346,372,417,556,709
ChimeraOS/chimeraos,29,29,29,30,50,66,76,117,195,324
100daysofdevops/100daysofdevops,0,4,14,24,26,49,98,155,220,306
develsoftware/GMinerRelease,9,11,15,26,39,50,56,76,95,158
microsoft/msticpy,2,2,12,15,37,45,83,154,316,420
storeon/storeon,219,295,802,859,910,961,990,1132,1398,1544
DasyDong/developer-roadmap,0,0,0,0,0,0,0,5,346,807
ccyyycy/ycy,1662,1773,1852,1865,1888,1901,1910,1918,1934,1939
Kejifaxian/welcome,2,3,6,13,23,41,50,69,119,154
JavierAntoran/Bayesian-Neural-Networks,1,3,42,69,100,240,317,452,654,838
dahliaOS/pangolin_desktop,0,0,0,0,0,0,0,0,25,364
mdnice/markdown-resume,3,7,33,55,80,180,237,335,517,667
aleksanderwozniak/table_calendar,32,53,73,114,158,251,313,422,634,811
protectwise/troika,2,4,6,6,6,8,13,24,107,232
google-deepmind/mathematics_dataset,744,829,885,952,985,1025,1086,1119,1189,1311
thegreatjavascript/FakeScreenshot,43,205,279,362,489,519,540,585,889,960
dotnet/format,33,136,216,243,263,308,337,403,603,829
dev-mastery/comments-api,0,0,102,151,197,244,495,660,940,1179
liuchengxu/vista.vim,32,49,182,212,266,345,432,564,818,1051
smallnest/1m-go-tcp-server,154,425,472,526,570,662,724,793,949,1111
vEnhance/napkin,8,16,27,36,100,150,182,223,311,406
openacid/slim,3,4,1011,1049,1072,1263,1277,1306,1352,1491
dromara/Jpom,0,0,1,8,14,29,39,52,63,73
kentcdodds/use-deep-compare-effect,151,164,189,233,268,364,447,577,884,1157
clawsoftware/clawPDF,2,4,4,12,24,36,45,63,113,159
shahraizali/awesome-django,1,5,15,29,41,136,189,262,393,530
smapiot/piral,7,10,10,10,14,24,58,204,428,628
ageron/tf2_course,577,731,895,1081,1183,1278,1338,1445,1559,1618
zjhuang22/maskscoring_rcnn,713,862,1023,1122,1210,1328,1438,1548,1647,1697
learning-zone/java-basics,0,0,0,0,0,6,6,19,77,184
moveit/moveit2,9,48,56,62,63,67,74,86,122,179
simoneb/axios-hooks,5,12,27,54,77,116,157,354,617,783
mxcl/swift-sh,828,949,1043,1080,1111,1147,1171,1216,1328,1410
rapi-doc/RapiDoc,3,13,30,38,47,66,80,124,234,357
shepmaster/snafu,2,5,12,130,169,298,340,388,479,585
microsoft/BlingFire,4,831,1190,1207,1221,1257,1271,1304,1374,1424
krzemienski/awesome-video,0,0,0,0,0,0,0,24,139,295
WenhaoDaiCN/Panda-Learning,386,802,1169,1384,1526,1650,1689,1753,1843,1859
scaleflex/filerobot-image-editor,2,2,12,15,43,58,86,113,193,304
